Ref,Val,Package,PosX,PosY,Rot,Side
"C3","10uF","C_1206_3216Metric_Pad1.42x1.75mm_HandSolder",86.500000,-117.000000,180.000000,bottom
"C4","10uF","C_1206_3216Metric_Pad1.42x1.75mm_HandSolder",83.000000,-98.750000,90.000000,bottom
"C5","10uF","C_1206_3216Metric_Pad1.42x1.75mm_HandSolder",93.000000,-98.750000,270.000000,bottom
"C28","10uF","C_1206_3216Metric_Pad1.42x1.75mm_HandSolder",130.300000,-117.100000,180.000000,bottom
"C29","10uF","C_1206_3216Metric_Pad1.42x1.75mm_HandSolder",126.500000,-99.500000,90.000000,bottom
"C30","10uF","C_1206_3216Metric_Pad1.42x1.75mm_HandSolder",136.500000,-99.500000,270.000000,bottom
"C53","2.2nF","C_1210_3225Metric_Pad1.42x2.65mm_HandSolder",84.250000,-112.737500,270.000000,bottom
"C54","2.2nF","C_1210_3225Metric_Pad1.42x2.65mm_HandSolder",128.000000,-112.762500,270.000000,bottom
"R19","1M","R_1210_3225Metric_Pad1.42x2.65mm_HandSolder",89.000000,-112.750000,270.000000,bottom
"R20","1M","R_1210_3225Metric_Pad1.42x2.65mm_HandSolder",132.750000,-112.750000,270.000000,bottom
